{
  "mse_reconstruction": 0.015445936080669203,
  "temporal_smoothness": 0.0008927523516420831,
  "temporal_smoothness_index": 0.0846532619888744,
  "joint_limit_violation_rate": 0.06367383693014422,
  "beat_alignment_score": 0.19667319004093448,
  "reference_beat_alignment_score": 0.28640456954317706,
  "beat_alignment_gap": 0.08973137950224258,
  "self_collision": 0.0004612790625317082,
  "auroc_anomaly": NaN,
  "physical_constraint_violations": 0.02559196908447531,
  "validation_smoothness_last_epoch": 0.0011828620481537655
}